sample_id,iteration,timestamp,controller_name,scenario_name,nodes,topology_type,bandwidth_demand,throughput_mbps,latency_ms,packet_loss_percent,score_reliability,jitter_ms,cpu_usage_percent,memory_usage_mb,flow_setup_time_ms,score_compliance,score_efficiency,score_stability,ahp_score,best_controller_label,score_gap,resource_method,connectivity_status
1,1,2026-05-20T11:11:24.942827,ryu,Linear_4n_10M,4,linear,10M,47362.81,0.07,0.0,1.0,0.003,0.26,45.59,21.32,0.6394,0.8722,0.9822,0.7128,floodlight,0.1184,hybrid_p95,CONTROLLER
2,1,2026-05-20T11:12:54.408014,floodlight,Linear_4n_10M,4,linear,10M,43769.95,0.058,0,1.0,0.004,44.94,354.21,19.21,0.91,0.4701,0.9839,0.8312,floodlight,0.1184,hybrid_p95,CONTROLLER
3,1,2026-05-20T11:15:25.550982,onos,Linear_4n_10M,4,linear,10M,47646.96,0.069,0.0,1.0,0.005,10.58,759.97,22.48,0.6755,0.7032,0.9812,0.7062,floodlight,0.1184,hybrid_p95,CONTROLLER
4,1,2026-05-20T11:16:47.947894,ryu,Linear_4n_30M,4,linear,30M,47164.46,0.068,0.0,1.0,0.004,0.22,33.41,22.61,0.7977,0.8824,0.9811,0.8293,floodlight,0.0066,hybrid_p95,CONTROLLER
5,1,2026-05-20T11:18:17.417650,floodlight,Linear_4n_30M,4,linear,30M,45183.93,0.064,0,1.0,0.006,41.53,364.94,20.21,0.91,0.4947,0.9831,0.8359,floodlight,0.0066,hybrid_p95,CONTROLLER
6,1,2026-05-20T11:20:49.122544,onos,Linear_4n_30M,4,linear,30M,46321.67,0.071,0.0,1.0,0.01,23.99,774.83,15.81,0.6077,0.6019,0.9867,0.638,floodlight,0.0066,hybrid_p95,CONTROLLER
7,1,2026-05-20T11:22:11.508954,ryu,Linear_4n_60M,4,linear,60M,46934.84,0.068,0.0,1.0,0.002,0.3,33.43,21.06,0.7179,0.8818,0.9824,0.7715,floodlight,0.0684,hybrid_p95,CONTROLLER
8,1,2026-05-20T11:23:41.016974,floodlight,Linear_4n_60M,4,linear,60M,44986.33,0.062,0,1.0,0.004,39.09,369.01,12.88,0.91,0.5127,0.9892,0.8399,floodlight,0.0684,hybrid_p95,CONTROLLER
9,1,2026-05-20T11:26:12.781618,onos,Linear_4n_60M,4,linear,60M,47375.12,0.07,0.0,1.0,0.006,11.53,751.0,13.9,0.646,0.6965,0.9883,0.6842,floodlight,0.0684,hybrid_p95,CONTROLLER
10,1,2026-05-20T11:27:35.142615,ryu,Linear_4n_150M,4,linear,150M,47221.23,0.073,0.0,1.0,0.008,0.22,33.44,22.61,0.6195,0.8824,0.981,0.7002,floodlight,0.0095,hybrid_p95,CONTROLLER
11,1,2026-05-20T11:29:04.578689,floodlight,Linear_4n_150M,4,linear,150M,44958.71,0.063,0,1.0,0.006,35.41,357.5,20.55,0.91,0.5414,0.9828,0.8449,floodlight,0.0095,hybrid_p95,CONTROLLER
12,1,2026-05-20T11:31:36.489660,onos,Linear_4n_150M,4,linear,150M,48165.67,0.067,0.0,1.0,0.012,12.72,826.5,17.17,0.8584,0.6844,0.9855,0.8354,floodlight,0.0095,hybrid_p95,CONTROLLER
13,1,2026-05-20T11:32:58.889642,ryu,Linear_4n_300M,4,linear,300M,46350.77,0.069,0.0,1.0,0.008,0.21,33.43,12.37,0.6913,0.8825,0.9896,0.753,floodlight,0.0959,hybrid_p95,CONTROLLER
14,1,2026-05-20T11:34:28.403960,floodlight,Linear_4n_300M,4,linear,300M,44253.41,0.06,0,1.0,0.004,32.72,359.6,18.45,0.91,0.5614,0.9846,0.8489,floodlight,0.0959,hybrid_p95,CONTROLLER
15,1,2026-05-20T11:37:00.303898,onos,Linear_4n_300M,4,linear,300M,46914.89,0.071,0.0,1.0,0.007,20.18,751.1,22.85,0.646,0.6315,0.9809,0.671,floodlight,0.0959,hybrid_p95,CONTROLLER
16,1,2026-05-20T11:38:22.705371,ryu,Linear_5n_10M,5,linear,10M,47739.72,0.071,0.0,1.0,0.005,0.44,33.41,22.15,0.7168,0.8808,0.9815,0.7704,floodlight,0.0579,hybrid_p95,CONTROLLER
17,1,2026-05-20T11:39:52.264132,floodlight,Linear_5n_10M,5,linear,10M,45328.1,0.059,0,1.0,0.005,46.77,358.1,22.74,0.91,0.456,0.981,0.8283,floodlight,0.0579,hybrid_p95,CONTROLLER
18,1,2026-05-20T11:42:24.115039,onos,Linear_5n_10M,5,linear,10M,46973.77,0.074,0.0,1.0,0.004,15.3,791.34,22.16,0.6174,0.6664,0.9815,0.6571,floodlight,0.0579,hybrid_p95,CONTROLLER
19,1,2026-05-20T11:43:46.571907,ryu,Linear_5n_30M,5,linear,30M,47464.89,0.07,0.0,1.0,0.004,0.21,33.42,22.59,0.7764,0.8825,0.9811,0.8139,floodlight,0.0246,hybrid_p95,CONTROLLER
20,1,2026-05-20T11:45:16.101218,floodlight,Linear_5n_30M,5,linear,30M,45191.0,0.058,0,1.0,0.006,40.25,343.52,14.75,0.91,0.5063,0.9876,0.8385,floodlight,0.0246,hybrid_p95,CONTROLLER
21,1,2026-05-20T11:47:47.722433,onos,Linear_5n_30M,5,linear,30M,47045.64,0.077,0.0,1.0,0.009,17.6,729.3,18.6,0.6294,0.6518,0.9844,0.6632,floodlight,0.0246,hybrid_p95,CONTROLLER
22,1,2026-05-20T11:49:10.057880,ryu,Linear_5n_60M,5,linear,60M,47932.04,0.069,0.0,1.0,0.007,0.17,33.41,18.86,0.6755,0.8828,0.9842,0.7411,floodlight,0.0924,hybrid_p95,CONTROLLER
23,1,2026-05-20T11:50:39.567770,floodlight,Linear_5n_60M,5,linear,60M,45772.26,0.058,0,1.0,0.011,43.39,352.9,19.3,0.91,0.4819,0.9838,0.8335,floodlight,0.0924,hybrid_p95,CONTROLLER
24,1,2026-05-20T11:53:11.595958,onos,Linear_5n_60M,5,linear,60M,46833.91,0.07,0.0,1.0,0.003,17.78,778.14,26.72,0.6002,0.6484,0.9777,0.6409,floodlight,0.0924,hybrid_p95,CONTROLLER
25,1,2026-05-20T11:54:33.993824,ryu,Linear_5n_150M,5,linear,150M,47762.38,0.068,0.0,1.0,0.006,0.17,33.42,21.85,0.9213,0.8828,0.9817,0.9189,ryu,0.0807,hybrid_p95,CONTROLLER
26,1,2026-05-20T11:56:03.452932,floodlight,Linear_5n_150M,5,linear,150M,45108.11,0.066,0,1.0,0.008,39.79,377.31,20.73,0.91,0.5067,0.9826,0.8382,ryu,0.0807,hybrid_p95,CONTROLLER
27,1,2026-05-20T11:58:35.341794,onos,Linear_5n_150M,5,linear,150M,46930.37,0.075,0.0,1.0,0.007,16.44,836.2,20.42,0.6178,0.6561,0.9829,0.6555,ryu,0.0807,hybrid_p95,CONTROLLER
28,1,2026-05-20T11:59:57.792701,ryu,Linear_5n_300M,5,linear,300M,47033.88,0.074,0.0,1.0,0.006,0.27,33.42,21.45,0.646,0.882,0.982,0.7194,floodlight,0.0045,hybrid_p95,CONTROLLER
29,1,2026-05-20T12:01:27.245686,floodlight,Linear_5n_300M,5,linear,300M,45461.78,0.065,0,1.0,0.007,47.23,359.3,18.62,0.91,0.4525,0.9844,0.8279,floodlight,0.0045,hybrid_p95,CONTROLLER
30,1,2026-05-20T12:03:59.120614,onos,Linear_5n_300M,5,linear,300M,46966.67,0.069,0.0,1.0,0.008,11.01,827.6,21.42,0.8388,0.6972,0.982,0.8234,floodlight,0.0045,hybrid_p95,CONTROLLER
31,1,2026-05-20T12:05:21.899233,ryu,Linear_6n_10M,6,linear,10M,45220.88,0.071,0.0,1.0,0.013,0.53,33.61,22.73,0.7876,0.8799,0.9809,0.8215,ryu,0.0009,hybrid_p95,CONTROLLER
32,1,2026-05-20T12:06:51.859968,floodlight,Linear_6n_10M,6,linear,10M,43058.39,0.065,0,1.0,0.006,51.79,388.01,21.39,0.91,0.4157,0.9821,0.8206,ryu,0.0009,hybrid_p95,CONTROLLER
33,1,2026-05-20T12:09:23.589071,onos,Linear_6n_10M,6,linear,10M,44272.63,0.075,0.0,1.0,0.01,12.26,749.1,22.88,0.6065,0.6911,0.9808,0.6539,ryu,0.0009,hybrid_p95,CONTROLLER
34,1,2026-05-20T12:10:46.371764,ryu,Linear_6n_30M,6,linear,30M,44324.03,0.074,0.0,1.0,0.005,0.96,33.59,21.25,0.7381,0.8767,0.9822,0.7851,floodlight,0.063,hybrid_p95,CONTROLLER
35,1,2026-05-20T12:12:16.241329,floodlight,Linear_6n_30M,6,linear,30M,43201.79,0.063,0,1.0,0.008,32.8,377.36,24.22,0.91,0.5592,0.9797,0.8481,floodlight,0.063,hybrid_p95,CONTROLLER
36,1,2026-05-20T12:14:48.725354,onos,Linear_6n_30M,6,linear,30M,44970.0,0.08,0.0,1.0,0.008,16.72,845.7,25.84,0.646,0.6536,0.9783,0.675,floodlight,0.063,hybrid_p95,CONTROLLER
37,1,2026-05-20T12:16:11.593676,ryu,Linear_6n_60M,6,linear,60M,45076.91,0.074,0.0,1.0,0.006,0.67,33.58,20.77,0.6455,0.8789,0.9826,0.7185,floodlight,0.0173,hybrid_p95,CONTROLLER
38,1,2026-05-20T12:17:41.519116,floodlight,Linear_6n_60M,6,linear,60M,42246.73,0.066,0,1.0,0.014,33.66,355.1,22.62,0.91,0.5547,0.9809,0.8473,floodlight,0.0173,hybrid_p95,CONTROLLER
39,1,2026-05-20T12:20:14.081447,onos,Linear_6n_60M,6,linear,60M,45092.31,0.069,0.0,1.0,0.009,20.46,852.52,21.79,0.8672,0.6252,0.9817,0.83,floodlight,0.0173,hybrid_p95,CONTROLLER
40,1,2026-05-20T12:21:36.927595,ryu,Linear_6n_150M,6,linear,150M,45674.96,0.075,0.0,1.0,0.008,0.55,33.59,20.92,0.646,0.8798,0.9824,0.719,floodlight,0.1288,hybrid_p95,CONTROLLER
41,1,2026-05-20T12:23:06.836922,floodlight,Linear_6n_150M,6,linear,150M,42991.23,0.071,0,1.0,0.012,33.04,389.4,19.77,0.91,0.5564,0.9833,0.8478,floodlight,0.1288,hybrid_p95,CONTROLLER
42,1,2026-05-20T12:25:39.282380,onos,Linear_6n_150M,6,linear,150M,44502.4,0.074,0.0,1.0,0.01,18.37,771.02,20.27,0.6952,0.6442,0.983,0.7092,floodlight,0.1288,hybrid_p95,CONTROLLER
43,1,2026-05-20T12:27:02.098833,ryu,Linear_6n_300M,6,linear,300M,44631.2,0.071,0.0,1.0,0.007,0.56,33.58,20.14,0.646,0.8797,0.9831,0.7191,onos,0.2133,hybrid_p95,CONTROLLER
44,1,2026-05-20T12:28:46.950145,floodlight,Linear_6n_300M,6,linear,300M,0.0,0.064,0,1.0,0.008,50.15,372.04,19.52,0.674,0.4294,0.9836,0.6525,onos,0.2133,hybrid_p95,CONTROLLER
45,1,2026-05-20T12:31:17.880499,onos,Linear_6n_300M,6,linear,300M,42375.64,0.05,0.0,1.0,0.011,13.23,1113.09,11.61,0.9955,0.6708,0.9902,0.9324,onos,0.2133,hybrid_p95,CONTROLLER
46,1,2026-05-20T12:32:39.993254,ryu,Linear_7n_10M,7,linear,10M,40237.51,0.052,0.0,1.0,0.011,0.41,33.6,11.92,0.646,0.8808,0.9899,0.7199,floodlight,0.144,hybrid_p95,CONTROLLER
47,1,2026-05-20T12:34:24.798118,floodlight,Linear_7n_10M,7,linear,10M,0.0,0.035,0,1.0,0.006,22.24,397.11,12.22,0.91,0.6369,0.9897,0.8639,floodlight,0.144,hybrid_p95,CONTROLLER
48,1,2026-05-20T12:36:56.145415,onos,Linear_7n_10M,7,linear,10M,35067.53,0.051,0.0,1.0,0.01,25.74,1011.1,14.42,0.6553,0.58,0.9878,0.6683,floodlight,0.144,hybrid_p95,CONTROLLER
49,1,2026-05-20T12:38:18.868956,ryu,Linear_7n_30M,7,linear,30M,35733.8,0.045,0.0,1.0,0.008,0.48,33.59,12.88,0.8959,0.8803,0.9891,0.9006,ryu,0.007,hybrid_p95,CONTROLLER
50,1,2026-05-20T12:39:49.273408,floodlight,Linear_7n_30M,7,linear,30M,32783.54,0.035,0,1.0,0.005,32.06,389.62,15.5,0.9709,0.5637,0.987,0.8936,ryu,0.007,hybrid_p95,CONTROLLER
51,1,2026-05-20T12:42:22.720701,onos,Linear_7n_30M,7,linear,30M,26614.54,0.069,0.0,1.0,0.027,16.2,979.8,27.26,0.556,0.6527,0.9769,0.6096,ryu,0.007,hybrid_p95,CONTROLLER
52,1,2026-05-20T12:43:45.872394,ryu,Linear_7n_60M,7,linear,60M,27379.27,0.06,0.0,1.0,0.009,0.53,33.59,15.82,0.5967,0.8799,0.9867,0.6837,floodlight,0.0248,hybrid_p95,CONTROLLER
53,1,2026-05-20T12:45:16.101145,floodlight,Linear_7n_60M,7,linear,60M,24706.22,0.046,0,1.0,0.012,36.95,369.06,16.24,0.91,0.5288,0.9863,0.8428,floodlight,0.0248,hybrid_p95,CONTROLLER
54,1,2026-05-20T12:47:48.284610,onos,Linear_7n_60M,7,linear,60M,30614.79,0.051,0.0,1.0,0.007,31.82,941.14,14.59,0.8736,0.5367,0.9877,0.818,floodlight,0.0248,hybrid_p95,CONTROLLER
55,1,2026-05-20T12:49:11.292154,ryu,Linear_7n_150M,7,linear,150M,30224.18,0.052,0.0,1.0,0.012,0.45,33.59,14.51,0.91,0.8805,0.9877,0.9108,ryu,0.172,hybrid_p95,CONTROLLER
56,1,2026-05-20T12:50:41.407029,floodlight,Linear_7n_150M,7,linear,150M,34188.78,0.068,0,1.0,0.008,33.25,353.61,18.2,0.7588,0.558,0.9847,0.7388,ryu,0.172,hybrid_p95,CONTROLLER
57,1,2026-05-20T12:53:16.041256,onos,Linear_7n_150M,7,linear,150M,38305.49,0.081,0.0,1.0,0.011,19.36,723.12,27.84,0.646,0.6389,0.9766,0.6721,ryu,0.172,hybrid_p95,CONTROLLER
58,1,2026-05-20T12:54:39.071319,ryu,Linear_7n_300M,7,linear,300M,39384.78,0.088,0.0,1.0,0.022,0.73,33.6,20.84,0.788,0.8784,0.9823,0.8216,onos,0.1008,hybrid_p95,CONTROLLER
59,1,2026-05-20T12:56:09.183800,floodlight,Linear_7n_300M,7,linear,300M,36223.02,0.096,0,1.0,0.049,32.02,375.9,20.26,0.556,0.5652,0.9824,0.5932,onos,0.1008,hybrid_p95,CONTROLLER
60,1,2026-05-20T12:58:43.050066,onos,Linear_7n_300M,7,linear,300M,40032.77,0.078,0.0,1.0,0.015,23.65,741.94,22.39,1.0,0.6058,0.9811,0.9224,onos,0.1008,hybrid_p95,CONTROLLER
61,1,2026-05-20T13:00:06.415425,ryu,Linear_8n_10M,8,linear,10M,36590.91,0.081,0.0,1.0,0.019,1.04,33.83,19.46,0.9327,0.8759,0.9835,0.9259,ryu,0.0772,hybrid_p95,CONTROLLER
62,1,2026-05-20T13:01:37.053801,floodlight,Linear_8n_10M,8,linear,10M,34816.16,0.079,0,1.0,0.014,32.67,372.42,18.68,0.91,0.5606,0.9842,0.8487,ryu,0.0772,hybrid_p95,CONTROLLER
63,1,2026-05-20T13:04:12.091195,onos,Linear_8n_10M,8,linear,10M,37299.69,0.096,0.0,1.0,0.018,16.41,750.72,14.64,0.646,0.6598,0.9875,0.677,ryu,0.0772,hybrid_p95,CONTROLLER
64,1,2026-05-20T13:05:35.482857,ryu,Linear_8n_30M,8,linear,30M,38375.81,0.085,0.0,1.0,0.013,1.32,33.85,16.07,0.646,0.8738,0.9864,0.7182,ryu,0.0444,hybrid_p95,CONTROLLER
65,1,2026-05-20T13:07:17.602011,floodlight,Linear_8n_30M,8,linear,30M,34151.8,0.069,0,1.0,0.013,49.77,394.7,14.55,0.7027,0.4303,0.9877,0.6738,ryu,0.0444,hybrid_p95,CONTROLLER
66,1,2026-05-20T13:14:27.881607,onos,Linear_8n_30M,8,linear,30M,0.0,0.0,0.0,1.0,0.0,0.0,0.0,0.0,0.0,1.0,1.0,0.276,ryu,0.0444,NONE,STANDALONE
67,1,2026-05-20T13:15:51.341887,ryu,Linear_8n_60M,8,linear,60M,38233.05,0.097,0.0,1.0,0.022,1.16,33.83,17.92,0.646,0.875,0.9847,0.7183,floodlight,0.1562,hybrid_p95,CONTROLLER
68,1,2026-05-20T13:17:21.947488,floodlight,Linear_8n_60M,8,linear,60M,35634.9,0.068,0,1.0,0.013,32.92,374.54,22.16,0.9464,0.5586,0.9813,0.8745,floodlight,0.1562,hybrid_p95,CONTROLLER
69,1,2026-05-20T13:19:57.237222,onos,Linear_8n_60M,8,linear,60M,33869.4,0.088,0.0,1.0,0.015,21.5,847.82,21.31,0.6659,0.6176,0.982,0.6828,floodlight,0.1562,hybrid_p95,CONTROLLER
70,1,2026-05-20T13:21:20.665058,ryu,Linear_8n_150M,8,linear,150M,38036.35,0.08,0.0,1.0,0.01,0.99,33.84,18.31,0.646,0.8762,0.9846,0.7185,onos,0.1998,hybrid_p95,CONTROLLER
71,1,2026-05-20T13:23:06.271271,floodlight,Linear_8n_150M,8,linear,150M,0.0,0.079,0,1.0,0.035,56.44,375.46,19.29,0.5729,0.3818,0.9834,0.5701,onos,0.1998,hybrid_p95,CONTROLLER
72,1,2026-05-20T13:25:38.921325,onos,Linear_8n_150M,8,linear,150M,29594.6,0.059,0.0,1.0,0.015,15.1,1103.87,15.46,0.98,0.657,0.9869,0.9183,onos,0.1998,hybrid_p95,CONTROLLER
73,1,2026-05-20T13:27:02.570511,ryu,Linear_8n_300M,8,linear,300M,29781.1,0.061,0.0,1.0,0.017,0.75,33.83,17.65,0.646,0.8781,0.985,0.7189,floodlight,0.114,hybrid_p95,CONTROLLER
74,1,2026-05-20T13:28:48.482187,floodlight,Linear_8n_300M,8,linear,300M,0.0,0.046,0,1.0,0.007,36.78,398.8,15.48,0.91,0.5275,0.987,0.8426,floodlight,0.114,hybrid_p95,CONTROLLER
75,1,2026-05-20T13:31:21.644178,onos,Linear_8n_300M,8,linear,300M,24633.37,0.057,0.0,1.0,0.011,19.67,809.8,18.54,0.7248,0.6329,0.9844,0.7286,floodlight,0.114,hybrid_p95,CONTROLLER
76,1,2026-05-20T13:32:45.361835,ryu,Linear_9n_10M,9,linear,10M,25542.24,0.06,0.0,1.0,0.009,0.91,33.84,15.91,0.8783,0.8768,0.9866,0.887,ryu,0.0503,hybrid_p95,CONTROLLER
77,1,2026-05-20T13:34:30.751028,floodlight,Linear_9n_10M,9,linear,10M,0.0,0.049,0.0,1.0,0.006,40.68,404.61,17.76,0.91,0.4978,0.9851,0.8367,ryu,0.0503,hybrid_p95,CONTROLLER
78,1,2026-05-20T13:37:04.781379,onos,Linear_9n_10M,9,linear,10M,20059.26,0.081,0.0,1.0,0.046,30.02,841.41,22.2,0.6267,0.5539,0.9808,0.642,ryu,0.0503,hybrid_p95,CONTROLLER
79,1,2026-05-20T13:38:28.705747,ryu,Linear_9n_30M,9,linear,30M,22974.74,0.067,0.0,1.0,0.006,1.33,33.84,20.71,0.556,0.8737,0.9827,0.6527,onos,0.1297,hybrid_p95,CONTROLLER
80,1,2026-05-20T13:40:00.014046,floodlight,Linear_9n_30M,9,linear,30M,23655.51,0.058,0,1.0,0.011,25.93,403.44,18.08,0.8319,0.6086,0.9848,0.8015,onos,0.1297,hybrid_p95,CONTROLLER
81,1,2026-05-20T13:42:33.794602,onos,Linear_9n_30M,9,linear,30M,28894.41,0.055,0.0,1.0,0.008,17.48,780.0,19.23,1.0,0.6505,0.9839,0.9312,onos,0.1297,hybrid_p95,CONTROLLER
82,1,2026-05-20T13:43:57.219949,ryu,Linear_9n_60M,9,linear,60M,29864.42,0.045,0.0,1.0,0.005,0.76,33.84,14.14,0.8584,0.878,0.9881,0.8729,ryu,0.0295,hybrid_p95,CONTROLLER
83,1,2026-05-20T13:45:42.785965,floodlight,Linear_9n_60M,9,linear,60M,0.0,0.035,0,1.0,0.004,36.31,404.79,12.78,0.91,0.5306,0.9893,0.8434,ryu,0.0295,hybrid_p95,CONTROLLER
84,1,2026-05-20T13:48:14.506066,onos,Linear_9n_60M,9,linear,60M,21749.14,0.06,0.0,1.0,0.008,14.99,738.42,15.68,0.6215,0.671,0.9868,0.6614,ryu,0.0295,hybrid_p95,CONTROLLER
85,1,2026-05-20T13:49:39.011466,ryu,Linear_9n_150M,9,linear,150M,18251.72,0.095,0.084,1.0,0.041,1.35,33.84,20.97,0.646,0.8735,0.9819,0.7178,onos,0.0366,hybrid_p95,CONTROLLER
86,1,2026-05-20T13:51:25.094771,floodlight,Linear_9n_150M,9,linear,150M,0.0,0.048,0,1.0,0.008,52.52,401.38,15.2,0.91,0.4091,0.9872,0.8197,onos,0.0366,hybrid_p95,CONTROLLER
87,1,2026-05-20T13:53:57.880957,onos,Linear_9n_150M,9,linear,150M,15197.95,0.06,0.0,1.0,0.021,16.32,840.5,15.65,0.8946,0.6568,0.9866,0.8563,onos,0.0366,hybrid_p95,CONTROLLER
88,1,2026-05-20T13:55:21.723173,ryu,Linear_9n_300M,9,linear,300M,21802.57,0.062,0.07,1.0,0.01,0.64,39.58,16.06,0.8852,0.8739,0.9865,0.8914,ryu,0.0672,hybrid_p95,CONTROLLER
89,1,2026-05-20T13:57:07.906644,floodlight,Linear_9n_300M,9,linear,300M,0.0,0.05,0,1.0,0.007,49.26,397.7,19.57,0.91,0.4339,0.9836,0.8242,ryu,0.0672,hybrid_p95,CONTROLLER
90,1,2026-05-20T13:59:42.329278,onos,Linear_9n_300M,9,linear,300M,19254.87,0.087,0.014,1.0,0.018,33.92,763.22,22.75,0.6355,0.5278,0.9808,0.6434,ryu,0.0672,hybrid_p95,CONTROLLER
91,1,2026-05-20T14:01:06.983828,ryu,Linear_10n_10M,10,linear,10M,22051.47,0.077,0.0,1.0,0.027,2.94,34.09,31.74,0.646,0.8614,0.9731,0.7147,floodlight,0.1178,hybrid_p95,CONTROLLER
92,1,2026-05-20T14:02:53.080404,floodlight,Linear_10n_10M,10,linear,10M,0.0,0.062,0.0,1.0,0.019,43.39,415.18,19.01,0.91,0.4766,0.9839,0.8325,floodlight,0.1178,hybrid_p95,CONTROLLER
93,1,2026-05-20T14:05:27.506980,onos,Linear_10n_10M,10,linear,10M,19192.68,0.076,0.0,1.0,0.023,31.01,918.01,20.12,0.6579,0.5436,0.9829,0.6628,floodlight,0.1178,hybrid_p95,CONTROLLER
94,1,2026-05-20T14:06:52.210651,ryu,Linear_10n_30M,10,linear,30M,17193.94,0.079,0.0,1.0,0.021,1.94,35.08,24.54,0.556,0.868,0.9792,0.6513,onos,0.0402,hybrid_p95,CONTROLLER
95,1,2026-05-20T14:08:23.933744,floodlight,Linear_10n_30M,10,linear,30M,21514.7,0.068,0,1.0,0.018,41.32,423.31,22.94,0.961,0.4915,0.9806,0.872,onos,0.0402,hybrid_p95,CONTROLLER
96,1,2026-05-20T14:10:58.665434,onos,Linear_10n_30M,10,linear,30M,22022.33,0.067,0.0,1.0,0.011,29.52,953.8,22.74,1.0,0.5535,0.9809,0.9122,onos,0.0402,hybrid_p95,CONTROLLER
97,1,2026-05-20T14:12:22.833516,ryu,Linear_10n_60M,10,linear,60M,27072.66,0.058,0.0,1.0,0.013,1.94,34.12,15.11,0.5975,0.8688,0.9872,0.6822,onos,0.0463,hybrid_p95,CONTROLLER
98,1,2026-05-20T14:14:05.947191,floodlight,Linear_10n_60M,10,linear,60M,24245.93,0.047,0,1.0,0.009,44.71,414.7,13.59,0.91,0.4667,0.9885,0.831,onos,0.0463,hybrid_p95,CONTROLLER
99,1,2026-05-20T14:16:38.164278,onos,Linear_10n_60M,10,linear,60M,30372.47,0.049,0.0,1.0,0.008,21.79,945.8,17.03,0.9356,0.6119,0.9857,0.8773,onos,0.0463,hybrid_p95,CONTROLLER
100,1,2026-05-20T14:18:02.409529,ryu,Linear_10n_150M,10,linear,150M,30860.3,0.048,0.018,0.9998,0.006,1.14,34.32,13.11,0.9999,0.8747,0.989,0.9748,ryu,0.1101,hybrid_p95,CONTROLLER
101,1,2026-05-20T14:19:48.842700,floodlight,Linear_10n_150M,10,linear,150M,0.0,0.065,0,1.0,0.007,51.88,404.39,15.12,0.556,0.4137,0.9873,0.5643,ryu,0.1101,hybrid_p95,CONTROLLER
102,1,2026-05-20T14:22:21.853251,onos,Linear_10n_150M,10,linear,150M,28487.96,0.052,0.0,1.0,0.007,17.89,870.52,17.95,0.9098,0.6439,0.9849,0.8647,ryu,0.1101,hybrid_p95,CONTROLLER
103,1,2026-05-20T14:23:45.826461,ryu,Linear_10n_300M,10,linear,300M,28758.31,0.078,0.0,1.0,0.047,1.5,42.57,20.62,0.646,0.8651,0.9821,0.7162,floodlight,0.1025,hybrid_p95,CONTROLLER
104,1,2026-05-20T14:25:31.530766,floodlight,Linear_10n_300M,10,linear,300M,0.0,0.052,0.0,1.0,0.008,39.04,438.92,32.42,0.91,0.5074,0.9729,0.8375,floodlight,0.1025,hybrid_p95,CONTROLLER
105,1,2026-05-20T14:28:05.230926,onos,Linear_10n_300M,10,linear,300M,23398.16,0.07,0.007,0.9999,0.014,22.1,777.31,18.4,0.7381,0.6159,0.9845,0.735,floodlight,0.1025,hybrid_p95,CONTROLLER
106,1,2026-05-20T14:29:29.766270,ryu,Linear_11n_10M,11,linear,10M,24162.61,0.06,0.0,0.999,0.013,1.99,34.12,16.16,0.9722,0.8685,0.9863,0.9534,ryu,0.2035,hybrid_p95,CONTROLLER
107,1,2026-05-20T14:31:17.106401,floodlight,Linear_11n_10M,11,linear,10M,0.0,0.059,0,0.999,0.016,147.67,442.32,15.87,0.9094,0.0494,0.9865,0.7499,ryu,0.2035,hybrid_p95,CONTROLLER
108,1,2026-05-20T14:33:52.347182,onos,Linear_11n_10M,11,linear,10M,16646.42,0.072,0.0,0.999,0.012,14.74,779.8,22.08,0.6174,0.6711,0.9814,0.658,ryu,0.2035,hybrid_p95,CONTROLLER
109,1,2026-05-20T14:35:17.226581,ryu,Linear_11n_30M,11,linear,30M,21131.41,0.075,0.0,0.999,0.035,2.0,34.09,18.32,0.5554,0.8684,0.9842,0.6514,onos,0.0553,hybrid_p95,CONTROLLER
110,1,2026-05-20T14:37:00.177446,floodlight,Linear_11n_30M,11,linear,30M,22637.32,0.053,0,0.999,0.015,47.78,404.88,24.1,0.9374,0.4444,0.9797,0.8458,onos,0.0553,hybrid_p95,CONTROLLER
111,1,2026-05-20T14:39:34.085966,onos,Linear_11n_30M,11,linear,30M,25980.52,0.056,0.0,0.999,0.008,13.45,864.14,18.44,0.9512,0.6774,0.9845,0.9011,onos,0.0553,hybrid_p95,CONTROLLER
112,1,2026-05-20T14:40:58.146082,ryu,Linear_11n_60M,11,linear,60M,24421.36,0.055,0.307,0.9959,0.01,2.41,34.11,15.69,0.9077,0.8653,0.9868,0.9061,ryu,0.0931,hybrid_p95,CONTROLLER
113,1,2026-05-20T14:42:41.057034,floodlight,Linear_11n_60M,11,linear,60M,24676.01,0.077,0,0.999,0.018,28.64,410.51,19.21,0.5634,0.5877,0.9837,0.603,ryu,0.0931,hybrid_p95,CONTROLLER
114,1,2026-05-20T14:45:14.150862,onos,Linear_11n_60M,11,linear,60M,27292.38,0.065,0.0,0.999,0.021,18.19,853.82,14.61,0.8385,0.6422,0.9875,0.813,ryu,0.0931,hybrid_p95,CONTROLLER
115,1,2026-05-20T14:46:37.953734,ryu,Linear_11n_150M,11,linear,150M,27378.69,0.063,0.0,0.999,0.013,1.47,34.14,18.15,0.9994,0.8724,0.9847,0.9737,ryu,0.0889,hybrid_p95,CONTROLLER
116,1,2026-05-20T14:48:24.150503,floodlight,Linear_11n_150M,11,linear,150M,0.0,0.093,0,0.999,0.013,87.96,428.22,13.28,0.5554,0.1408,0.9887,0.5114,ryu,0.0889,hybrid_p95,CONTROLLER
117,1,2026-05-20T14:50:57.358613,onos,Linear_11n_150M,11,linear,150M,26077.06,0.068,0.0,0.999,0.021,17.11,871.39,19.49,0.9362,0.6497,0.9834,0.8848,ryu,0.0889,hybrid_p95,CONTROLLER
118,1,2026-05-20T14:52:21.217279,ryu,Linear_11n_300M,11,linear,300M,29679.0,0.053,0.244,0.9966,0.013,2.11,34.12,15.03,0.9981,0.8676,0.9873,0.972,ryu,0.2809,hybrid_p95,CONTROLLER
119,1,2026-05-20T14:54:07.403589,floodlight,Linear_11n_300M,11,linear,300M,0.0,0.061,0.0,0.999,0.016,39.55,412.51,20.6,0.7072,0.5056,0.9826,0.6911,ryu,0.2809,hybrid_p95,CONTROLLER
120,1,2026-05-20T14:56:41.985720,onos,Linear_11n_300M,11,linear,300M,20003.73,0.067,0.187,0.9971,0.013,18.66,960.5,19.71,0.615,0.6349,0.9834,0.6495,ryu,0.2809,hybrid_p95,CONTROLLER
121,1,2026-05-20T14:58:07.584977,ryu,Linear_12n_10M,12,linear,10M,16582.86,0.085,0.0,0.998,0.021,2.89,34.27,23.08,0.6073,0.8616,0.9805,0.6874,onos,0.2475,hybrid_p95,CONTROLLER
122,1,2026-05-20T14:59:51.583681,floodlight,Linear_12n_10M,12,linear,10M,16083.89,0.088,0,0.998,0.021,46.4,429.0,25.71,0.5549,0.4529,0.9783,0.5703,onos,0.2475,hybrid_p95,CONTROLLER
123,1,2026-05-20T15:02:26.186253,onos,Linear_12n_10M,12,linear,10M,21586.87,0.064,0.0,0.998,0.007,14.32,804.31,18.02,0.9989,0.6733,0.9849,0.9349,onos,0.2475,hybrid_p95,CONTROLLER
124,1,2026-05-20T15:03:50.954541,ryu,Linear_12n_30M,12,linear,30M,22837.83,0.069,0.0,0.998,0.008,2.57,34.27,20.25,0.637,0.864,0.983,0.7095,onos,0.2233,hybrid_p95,CONTROLLER
125,1,2026-05-20T15:05:33.028080,floodlight,Linear_12n_30M,12,linear,30M,0.0,0.065,0.0,0.998,0.037,78.42,454.6,15.11,0.6965,0.2105,0.9869,0.6268,onos,0.2233,hybrid_p95,CONTROLLER
126,1,2026-05-20T15:08:07.211886,onos,Linear_12n_30M,12,linear,30M,25032.7,0.059,0.0,0.998,0.009,15.29,909.62,16.54,0.9989,0.6619,0.9861,0.9328,onos,0.2233,hybrid_p95,CONTROLLER
127,1,2026-05-20T15:09:31.581877,ryu,Linear_12n_60M,12,linear,60M,24807.82,0.06,0.0,0.998,0.011,1.97,34.27,15.22,0.9089,0.8685,0.9872,0.9076,ryu,0.1884,hybrid_p95,CONTROLLER
128,1,2026-05-20T15:10:58.244586,floodlight,Linear_12n_60M,12,linear,60M,29624.21,0.084,0.0,0.998,0.021,49.18,414.55,17.88,0.765,0.4331,0.9848,0.7192,ryu,0.1884,hybrid_p95,CONTROLLER
129,1,2026-05-20T15:13:33.883148,onos,Linear_12n_60M,12,linear,60M,32228.3,0.102,0.004,0.998,0.02,24.62,854.52,19.28,0.6449,0.5939,0.9836,0.6632,ryu,0.1884,hybrid_p95,CONTROLLER
130,1,2026-05-20T15:14:58.287165,ryu,Linear_12n_150M,12,linear,150M,32438.85,0.093,0.0,0.998,0.008,2.5,34.28,15.55,0.6449,0.8645,0.9869,0.7157,onos,0.2093,hybrid_p95,CONTROLLER
131,1,2026-05-20T15:16:44.250218,floodlight,Linear_12n_150M,12,linear,150M,0.0,0.086,0.0,0.998,0.016,122.11,424.24,18.89,0.63,0.0507,0.984,0.5476,onos,0.2093,hybrid_p95,CONTROLLER
132,1,2026-05-20T15:19:18.254253,onos,Linear_12n_150M,12,linear,150M,25874.02,0.06,0.0,0.998,0.013,11.08,1021.0,16.56,0.9807,0.6898,0.986,0.925,onos,0.2093,hybrid_p95,CONTROLLER
133,1,2026-05-20T15:20:42.832141,ryu,Linear_12n_300M,12,linear,300M,25563.9,0.064,0.0,0.998,0.011,2.26,34.29,14.13,0.671,0.8663,0.9881,0.735,floodlight,0.1141,hybrid_p95,CONTROLLER
134,1,2026-05-20T15:22:26.085280,floodlight,Linear_12n_300M,12,linear,300M,23466.8,0.054,0,0.998,0.008,30.31,541.03,17.59,0.9089,0.5661,0.9852,0.8491,floodlight,0.1141,hybrid_p95,CONTROLLER
135,1,2026-05-20T15:25:00.330770,onos,Linear_12n_300M,12,linear,300M,25716.72,0.065,0.0,0.998,0.016,13.89,1067.06,15.24,0.6449,0.6672,0.9871,0.6776,floodlight,0.1141,hybrid_p95,CONTROLLER
136,1,2026-05-20T15:26:24.871005,ryu,Linear_13n_10M,13,linear,10M,25356.89,0.06,0.0,0.997,0.008,1.99,34.28,17.11,0.9983,0.8683,0.9856,0.9722,ryu,0.3189,hybrid_p95,CONTROLLER
137,1,2026-05-20T15:28:11.913255,floodlight,Linear_13n_10M,13,linear,10M,0.0,0.065,0,0.997,0.021,84.31,439.0,15.68,0.6133,0.1674,0.9866,0.5582,ryu,0.3189,hybrid_p95,CONTROLLER
138,1,2026-05-20T15:30:46.832270,onos,Linear_13n_10M,13,linear,10M,21716.86,0.066,0.0,0.997,0.01,24.55,913.02,17.01,0.6314,0.5923,0.9857,0.6533,ryu,0.3189,hybrid_p95,CONTROLLER
139,1,2026-05-20T15:32:11.573843,ryu,Linear_13n_30M,13,linear,30M,22354.82,0.068,0.0,0.997,0.011,3.17,34.27,20.26,0.6443,0.8595,0.983,0.714,onos,0.0217,hybrid_p95,CONTROLLER
140,1,2026-05-20T15:33:58.707425,floodlight,Linear_13n_30M,13,linear,30M,0.0,0.056,0,0.997,0.007,80.63,459.28,20.53,0.9083,0.1936,0.9828,0.7766,onos,0.0217,hybrid_p95,CONTROLLER
141,1,2026-05-20T15:36:33.348233,onos,Linear_13n_30M,13,linear,30M,21247.71,0.062,0.0,0.997,0.009,17.49,827.92,17.99,0.8169,0.6485,0.9849,0.7983,onos,0.0217,hybrid_p95,CONTROLLER
142,1,2026-05-20T15:37:58.194672,ryu,Linear_13n_60M,13,linear,60M,21444.46,0.063,0.0,0.997,0.007,2.26,34.28,15.94,0.9662,0.8663,0.9866,0.9486,ryu,0.035,hybrid_p95,CONTROLLER
143,1,2026-05-20T15:39:45.454405,floodlight,Linear_13n_60M,13,linear,60M,0.0,0.083,0,0.997,0.041,112.69,432.24,20.92,0.5543,0.0501,0.982,0.4925,ryu,0.035,hybrid_p95,CONTROLLER
144,1,2026-05-20T15:42:21.815972,onos,Linear_13n_60M,13,linear,60M,20406.91,0.061,0.0,0.997,0.006,25.34,970.8,25.48,0.994,0.5843,0.9787,0.9136,ryu,0.035,hybrid_p95,CONTROLLER
145,1,2026-05-20T15:43:47.342419,ryu,Linear_13n_150M,13,linear,150M,17791.28,0.088,0.0,0.997,0.021,2.69,34.27,20.37,0.5882,0.8631,0.9827,0.674,onos,0.1003,hybrid_p95,CONTROLLER
146,1,2026-05-20T15:45:31.046721,floodlight,Linear_13n_150M,13,linear,150M,16018.02,0.055,0,0.997,0.006,43.64,417.61,19.48,0.8979,0.4745,0.9837,0.8233,onos,0.1003,hybrid_p95,CONTROLLER
147,1,2026-05-20T15:48:06.145610,onos,Linear_13n_150M,13,linear,150M,20728.0,0.054,0.0,0.997,0.004,21.54,855.14,18.42,0.9983,0.617,0.9846,0.9236,onos,0.1003,hybrid_p95,CONTROLLER
148,1,2026-05-20T15:49:30.575027,ryu,Linear_13n_300M,13,linear,300M,27945.18,0.056,0.0,0.997,0.008,1.91,34.29,22.02,0.5543,0.8689,0.9815,0.6505,floodlight,0.0239,hybrid_p95,CONTROLLER
149,1,2026-05-20T15:51:12.428835,floodlight,Linear_13n_300M,13,linear,300M,28924.6,0.046,0,0.997,0.013,37.89,427.51,12.66,0.9378,0.5169,0.9893,0.8609,floodlight,0.0239,hybrid_p95,CONTROLLER
150,1,2026-05-20T15:53:45.065328,onos,Linear_13n_300M,13,linear,300M,30934.72,0.05,0.009,0.9969,0.006,10.5,920.39,12.56,0.8567,0.6975,0.9894,0.837,floodlight,0.0239,hybrid_p95,CONTROLLER
151,1,2026-05-20T15:55:09.605577,ryu,Linear_14n_10M,14,linear,10M,28761.23,0.05,0.0,0.996,0.006,2.11,34.48,16.57,0.9687,0.8672,0.9861,0.9505,ryu,0.2832,hybrid_p95,CONTROLLER
152,1,2026-05-20T15:56:52.499512,floodlight,Linear_14n_10M,14,linear,10M,27090.76,0.094,0,0.996,0.018,42.54,452.5,18.51,0.6787,0.4801,0.9843,0.6657,ryu,0.2832,hybrid_p95,CONTROLLER
153,1,2026-05-20T15:59:27.583340,onos,Linear_14n_10M,14,linear,10M,29560.43,0.118,0.0,0.996,0.042,20.41,1029.12,18.75,0.6438,0.6195,0.9837,0.6673,ryu,0.2832,hybrid_p95,CONTROLLER
154,1,2026-05-20T16:00:52.731719,ryu,Linear_14n_30M,14,linear,30M,27401.15,0.092,0.0,0.996,0.018,3.66,34.44,20.63,0.838,0.8556,0.9825,0.8534,floodlight,0.0024,hybrid_p95,CONTROLLER
155,1,2026-05-20T16:04:26.497547,floodlight,Linear_14n_30M,14,linear,30M,33005.45,0.084,0,0.996,0.021,70.66,480.32,16.44,0.9978,0.267,0.986,0.8558,floodlight,0.0024,hybrid_p95,CONTROLLER
156,1,2026-05-20T16:07:01.774155,onos,Linear_14n_30M,14,linear,30M,24401.57,0.112,0.0,0.996,0.031,28.61,955.1,16.44,0.5538,0.5603,0.9858,0.5909,floodlight,0.0024,hybrid_p95,CONTROLLER
157,1,2026-05-20T16:08:26.978317,ryu,Linear_14n_60M,14,linear,60M,19863.12,0.094,0.0,0.996,0.006,3.33,34.46,23.25,0.8488,0.8581,0.9805,0.8615,onos,0.0605,hybrid_p95,CONTROLLER
158,1,2026-05-20T16:10:09.524951,floodlight,Linear_14n_60M,14,linear,60M,28036.07,0.109,0,0.996,0.028,48.89,437.62,17.44,0.617,0.4335,0.985,0.6122,onos,0.0605,hybrid_p95,CONTROLLER
159,1,2026-05-20T16:12:44.954679,onos,Linear_14n_60M,14,linear,60M,31490.87,0.091,0.0,0.996,0.011,21.71,942.02,23.45,0.9978,0.6126,0.9803,0.922,onos,0.0605,hybrid_p95,CONTROLLER
160,1,2026-05-20T16:14:09.880171,ryu,Linear_14n_150M,14,linear,150M,26787.57,0.117,0.0,0.996,0.037,3.23,34.45,15.22,0.5538,0.8589,0.9868,0.6486,floodlight,0.1497,hybrid_p95,CONTROLLER
161,1,2026-05-20T16:15:52.335278,floodlight,Linear_14n_150M,14,linear,150M,29363.91,0.078,0,0.996,0.013,92.21,472.02,14.54,0.9978,0.1057,0.9877,0.8248,floodlight,0.1497,hybrid_p95,CONTROLLER
162,1,2026-05-20T16:18:30.772173,onos,Linear_14n_150M,14,linear,150M,29215.43,0.115,0.0,0.996,0.028,21.46,1003.0,22.09,0.6567,0.6124,0.9812,0.6751,floodlight,0.1497,hybrid_p95,CONTROLLER
163,1,2026-05-20T16:19:55.673574,ryu,Linear_14n_300M,14,linear,300M,32760.69,0.107,0.021,0.9958,0.018,3.26,34.44,23.71,0.6437,0.8586,0.98,0.7131,onos,0.2142,hybrid_p95,CONTROLLER
164,1,2026-05-20T16:21:42.648413,floodlight,Linear_14n_300M,14,linear,300M,0.0,0.094,0,0.996,0.02,69.58,470.01,16.63,0.6497,0.2758,0.9858,0.6054,onos,0.2142,hybrid_p95,CONTROLLER
165,1,2026-05-20T16:24:16.848105,onos,Linear_14n_300M,14,linear,300M,27109.46,0.059,0.0,0.996,0.007,10.36,1028.1,14.3,0.9823,0.695,0.988,0.9273,onos,0.2142,hybrid_p95,CONTROLLER
